MVP,final MVP,ALL-STAR ONE,ALL-STAR TWO,ALL-STAR THREE,DEFENSE ONE,DEFENSE TWO,ROOKIE,all star MVP
MVP,,ALL-STAR ONE,,,,,ROOKIE,
,,ALL-STAR ONE,,,,,,all star MVP
,,ALL-STAR ONE,,,,,,all star MVP
,,,ALL-STAR TWO,,,,,
,,,ALL-STAR TWO,,,,,
,,,ALL-STAR TWO,,,,,
,,,ALL-STAR TWO,,,,,
,,ALL-STAR ONE,,,,,,
,,ALL-STAR ONE,,,,,,
,,ALL-STAR ONE,,,,,,
,,ALL-STAR ONE,,,,,,
,,,,ALL-STAR THREE,,,,
,,,,,,,ROOKIE,
,,ALL-STAR ONE,,,,,,
,,ALL-STAR ONE,,,,,,
,final MVP,ALL-STAR ONE,,,,,,
,,,ALL-STAR TWO,,,DEFENSE TWO,,
,,ALL-STAR ONE,,,DEFENSE ONE,,,
MVP,final MVP,ALL-STAR ONE,,,DEFENSE ONE,,,
MVP,final MVP,ALL-STAR ONE,,,DEFENSE ONE,,,
MVP,,ALL-STAR ONE,,,DEFENSE ONE,,,
MVP,,ALL-STAR ONE,,,DEFENSE ONE,,,
,,ALL-STAR ONE,,,DEFENSE ONE,,,
,,,ALL-STAR TWO,,,,,
,,ALL-STAR ONE,,,,,,all star MVP
,,,ALL-STAR TWO,,,,,
,,ALL-STAR ONE,,,,,ROOKIE,
,,,ALL-STAR TWO,,,,,
MVP,,ALL-STAR ONE,,,,,,
MVP,,ALL-STAR ONE,,,,,,
,,,ALL-STAR TWO,,,,,
,,,,,,,ROOKIE,
,final MVP,,,,,,,
,,,ALL-STAR TWO,,,,,
,,,ALL-STAR TWO,,,,,
MVP,,ALL-STAR ONE,,,,,,
,,ALL-STAR ONE,,,,,,all star MVP
,,ALL-STAR ONE,,,,,,
,,ALL-STAR ONE,,,,,,
,,ALL-STAR ONE,,,,,,
,,,,,,,ROOKIE,
,,ALL-STAR ONE,,,,,,
,,ALL-STAR ONE,,,,DEFENSE TWO,,all star MVP
,final MVP,ALL-STAR ONE,,,DEFENSE ONE,,,
,final MVP,ALL-STAR ONE,,,DEFENSE ONE,,,all star MVP
,,ALL-STAR ONE,,,DEFENSE ONE,,,
MVP,,ALL-STAR ONE,,,DEFENSE ONE,,,all star MVP
,,ALL-STAR ONE,,,DEFENSE ONE,,,
,,ALL-STAR ONE,,,DEFENSE ONE,,,
,,,,ALL-STAR THREE,,,,
,,ALL-STAR ONE,,,DEFENSE ONE,,,
,,ALL-STAR ONE,,,DEFENSE ONE,,,all star MVP
,,ALL-STAR ONE,,,,DEFENSE TWO,,
,,,ALL-STAR TWO,,,DEFENSE TWO,,
,,ALL-STAR ONE,,,DEFENSE ONE,,,
,,,,ALL-STAR THREE,,,,
,,,,,,,ROOKIE,
,,,,,,DEFENSE TWO,,
,,ALL-STAR ONE,,,,DEFENSE TWO,,
,,,,ALL-STAR THREE,,DEFENSE TWO,,
,,,ALL-STAR TWO,,,DEFENSE TWO,,
,,,ALL-STAR TWO,,DEFENSE ONE,,,
,,ALL-STAR ONE,,,DEFENSE ONE,,,
,,,ALL-STAR TWO,,,DEFENSE TWO,,
,final MVP,ALL-STAR ONE,,,DEFENSE ONE,,,
,,ALL-STAR ONE,,,DEFENSE ONE,,,
MVP,final MVP,ALL-STAR ONE,,,DEFENSE ONE,,,
MVP,,ALL-STAR ONE,,,DEFENSE ONE,,,
,,ALL-STAR ONE,,,DEFENSE ONE,,,all star MVP
,final MVP,ALL-STAR ONE,,,DEFENSE ONE,,,
,,ALL-STAR ONE,,,DEFENSE ONE,,,
,,ALL-STAR ONE,,,,DEFENSE TWO,ROOKIE,
,,,,,,,,all star MVP
,,,,ALL-STAR THREE,,,,
,,ALL-STAR ONE,,,,,,
,,ALL-STAR ONE,,,,,,all star MVP
,,ALL-STAR ONE,,,,,,
,final MVP,ALL-STAR ONE,,,,DEFENSE TWO,,
,final MVP,ALL-STAR ONE,,,,,,
MVP,final MVP,ALL-STAR ONE,,,,DEFENSE TWO,,all star MVP
,,ALL-STAR ONE,,,,DEFENSE TWO,,
,,,ALL-STAR TWO,,,,,
,,ALL-STAR ONE,,,,,,
,,,,ALL-STAR THREE,,,,
,,,,ALL-STAR THREE,,,,
,,,ALL-STAR TWO,,,,,
,,,,ALL-STAR THREE,,,,
,,,,,,,ROOKIE,
MVP,final MVP,ALL-STAR ONE,,,DEFENSE ONE,,,all star MVP
,final MVP,ALL-STAR ONE,,,DEFENSE ONE,,,
MVP,final MVP,ALL-STAR ONE,,,DEFENSE ONE,,,all star MVP
,final MVP,ALL-STAR ONE,,,DEFENSE ONE,,,
,final MVP,ALL-STAR ONE,,,DEFENSE ONE,,,
MVP,final MVP,ALL-STAR ONE,,,DEFENSE ONE,,,
MVP,,ALL-STAR ONE,,,DEFENSE ONE,,,
,,ALL-STAR ONE,,,DEFENSE ONE,,,
,,ALL-STAR ONE,,,DEFENSE ONE,,,all star MVP
MVP,,ALL-STAR ONE,,,DEFENSE ONE,,,
,,ALL-STAR ONE,,,,,,
,,,ALL-STAR TWO,,,,ROOKIE,